source,native,name,p_value,significant,description,term_size,query_size,intersection_size,effective_domain_size,precision,recall,query,parents
REAC,REAC:R-HSA-5661231,Metallothioneins bind metals,2.932353378027992e-13,True,Metallothioneins bind metals,11,36,7,10622,0.19444444444444445,0.6363636363636364,query_1,['REAC:R-HSA-5660526']
REAC,REAC:R-HSA-5660526,Response to metal ions,3.0278243735162533e-12,True,Response to metal ions,14,36,7,10622,0.19444444444444445,0.5,query_1,['REAC:R-HSA-8953897']
GO:BP,GO:1990169,stress response to copper ion,1.8268803526204555e-11,True,"""Any process that results in a change in state or activity of a cell or an organism (in terms of movement, secretion, enzyme production, gene expression, etc.) as a result of a disturbance in organismal or cellular homeostasis caused by a copper ion stimulus."" [GOC:kmv, PMID:23437011]",14,60,7,18123,0.11666666666666667,0.5,query_1,"['GO:0046688', 'GO:0097501']"
GO:BP,GO:0010273,detoxification of copper ion,1.8268803526204555e-11,True,"""Any process that reduces or removes the toxicity of copper ion. These include transport of copper away from sensitive areas and to compartments or complexes whose purpose is sequestration of copper ion."" [GOC:kmv, PMID:16367966]",14,60,7,18123,0.11666666666666667,0.5,query_1,"['GO:0061687', 'GO:1990169']"
GO:BP,GO:0061687,detoxification of inorganic compound,1.0273017662291725e-10,True,"""Any process that reduces or removes the toxicity of inorganic compounds. These include transport of such compounds away from sensitive areas and to compartments or complexes whose purpose is sequestration of inorganic compounds."" [GOC:vw]",17,60,7,18123,0.11666666666666667,0.4117647058823529,query_1,['GO:0098754']
GO:BP,GO:0097501,stress response to metal ion,1.6767356220800467e-10,True,"""Any process that results in a change in state or activity of a cell or an organism (in terms of movement, secretion, enzyme production, gene expression, etc.) as a result of a disturbance in organismal or cellular homeostasis caused by a metal ion stimulus."" [GOC:kmv]",18,60,7,18123,0.11666666666666667,0.3888888888888889,query_1,"['GO:0006950', 'GO:0010038']"
KEGG,KEGG:04978,Mineral absorption,3.331713839369004e-10,True,Mineral absorption,59,25,8,8000,0.32,0.13559322033898305,query_1,['KEGG:00000']
GO:BP,GO:0071276,cellular response to cadmium ion,1.1235850437797121e-09,True,"""Any process that results in a change in state or activity of a cell (in terms of movement, secretion, enzyme production, gene expression, etc.) as a result of a cadmium (Cd) ion stimulus."" [GOC:mah]",40,60,8,18123,0.13333333333333333,0.2,query_1,"['GO:0046686', 'GO:0071248']"
GO:BP,GO:0071294,cellular response to zinc ion,1.2752275015811987e-09,True,"""Any process that results in a change in state or activity of a cell (in terms of movement, secretion, enzyme production, gene expression, etc.) as a result of a zinc ion stimulus."" [GOC:mah]",23,60,7,18123,0.11666666666666667,0.30434782608695654,query_1,"['GO:0010043', 'GO:0071248']"
WP,WP:WP3529,Zinc homeostasis,1.7864654428793176e-09,True,Zinc homeostasis,37,25,7,7562,0.28,0.1891891891891892,query_1,['WP:000000']
GO:BP,GO:0071280,cellular response to copper ion,4.572120703681731e-09,True,"""Any process that results in a change in state or activity of a cell (in terms of movement, secretion, enzyme production, gene expression, etc.) as a result of a copper ion stimulus."" [GOC:mah]",27,60,7,18123,0.11666666666666667,0.25925925925925924,query_1,"['GO:0046688', 'GO:0071248']"
GO:BP,GO:0010043,response to zinc ion,2.311509547387896e-08,True,"""Any process that results in a change in state or activity of a cell or an organism (in terms of movement, secretion, enzyme production, gene expression, etc.) as a result of a zinc ion stimulus."" [GOC:sm]",57,60,8,18123,0.13333333333333333,0.14035087719298245,query_1,['GO:0010038']
GO:BP,GO:0006882,cellular zinc ion homeostasis,5.1665709326703735e-08,True,"""Any process involved in the maintenance of an internal steady state of zinc ions at the level of a cell."" [GOC:ai, GOC:mah]",37,60,7,18123,0.11666666666666667,0.1891891891891892,query_1,"['GO:0046916', 'GO:0055069', 'GO:0072503']"
GO:BP,GO:0055069,zinc ion homeostasis,7.67913039244842e-08,True,"""Any process involved in the maintenance of an internal steady state of zinc ions within an organism or cell."" [GOC:ai, GOC:jid, GOC:mah]",39,60,7,18123,0.11666666666666667,0.1794871794871795,query_1,"['GO:0055076', 'GO:0072507']"
GO:BP,GO:0046686,response to cadmium ion,1.0053643109791456e-07,True,"""Any process that results in a change in state or activity of a cell or an organism (in terms of movement, secretion, enzyme production, gene expression, etc.) as a result of a cadmium (Cd) ion stimulus."" [GOC:ai]",68,60,8,18123,0.13333333333333333,0.11764705882352941,query_1,['GO:0010038']
GO:BP,GO:0046688,response to copper ion,1.3366074806096716e-07,True,"""Any process that results in a change in state or activity of a cell or an organism (in terms of movement, secretion, enzyme production, gene expression, etc.) as a result of a copper ion stimulus."" [GOC:ai]",42,60,7,18123,0.11666666666666667,0.16666666666666666,query_1,['GO:0010038']
GO:BP,GO:0046916,cellular transition metal ion homeostasis,4.165742788290447e-07,True,"""Any process involved in the maintenance of an internal steady state of transition metal ions at the level of a cell. A transition metal is an element whose atom has an incomplete d-subshell of extranuclear electrons, or which gives rise to a cation or cations with an incomplete d-subshell. Transition metals often have more than one valency state. Biologically relevant transition metals include vanadium, manganese, iron, copper, cobalt, nickel, molybdenum and silver."" [GOC:mah, ISBN:0198506732]",122,60,9,18123,0.15,0.07377049180327869,query_1,"['GO:0006875', 'GO:0055076']"
WP,WP:WP3286,Copper homeostasis,1.7105390707731512e-06,True,Copper homeostasis,54,25,6,7562,0.24,0.1111111111111111,query_1,['WP:000000']
GO:BP,GO:0055076,transition metal ion homeostasis,1.7256072795599983e-06,True,"""Any process involved in the maintenance of an internal steady state of transition metal ions within an organism or cell. A transition metal is an element whose atom has an incomplete d-subshell of extranuclear electrons, or which gives rise to a cation or cations with an incomplete d-subshell. Transition metals often have more than one valency state. Biologically relevant transition metals include vanadium, manganese, iron, copper, cobalt, nickel, molybdenum and silver."" [GOC:jid, GOC:mah, ISBN:0198506732]",143,60,9,18123,0.15,0.06293706293706294,query_1,['GO:0055065']
TF,TF:M00650_1,Factor: MTF-1; motif: TBTGCACHCGGCCC; match class: 1,3.052766646938616e-05,True,Factor: MTF-1; motif: TBTGCACHCGGCCC; match class: 1,24,65,5,19917,0.07692307692307693,0.20833333333333334,query_1,['TF:M00650']
GO:CC,GO:0031528,microvillus membrane,0.0004473311096283002,True,"""The portion of the plasma membrane surrounding a microvillus."" [GOC:mah]",27,62,4,18964,0.06451612903225806,0.14814814814814814,query_1,"['GO:0005902', 'GO:0031253']"
GO:BP,GO:0071248,cellular response to metal ion,0.000495012379560084,True,"""Any process that results in a change in state or activity of a cell (in terms of movement, secretion, enzyme production, gene expression, etc.) as a result of a metal ion stimulus."" [GOC:mah]",198,60,8,18123,0.13333333333333333,0.04040404040404041,query_1,"['GO:0010038', 'GO:0071241']"
TF,TF:M09671_1,Factor: VDR; motif: RRGGTCANNGRGKTCA; match class: 1,0.0007031430038096445,True,Factor: VDR; motif: RRGGTCANNGRGKTCA; match class: 1,2439,65,24,19917,0.36923076923076925,0.00984009840098401,query_1,['TF:M09671']
GO:BP,GO:0098754,detoxification,0.0007991814078185989,True,"""Any process that reduces or removes the toxicity of a toxic substance. These may include transport of the toxic substance away from sensitive areas and to compartments or complexes whose purpose is sequestration of the toxic substance."" [GOC:dos]",143,60,7,18123,0.11666666666666667,0.04895104895104895,query_1,"['GO:0008150', 'GO:0009636']"
GO:BP,GO:0071241,cellular response to inorganic substance,0.001351412179477875,True,"""Any process that results in a change in state or activity of a cell (in terms of movement, secretion, enzyme production, gene expression, etc.) as a result of an inorganic substance stimulus."" [GOC:mah]",226,60,8,18123,0.13333333333333333,0.035398230088495575,query_1,"['GO:0010035', 'GO:0070887']"
GO:BP,GO:0045926,negative regulation of growth,0.0032468939475105633,True,"""Any process that stops, prevents or reduces the rate or extent of growth, the increase in size or mass of all or part of an organism."" [GOC:go_curators]",254,60,8,18123,0.13333333333333333,0.031496062992125984,query_1,"['GO:0040007', 'GO:0040008', 'GO:0048519']"
GO:BP,GO:0006873,cellular ion homeostasis,0.004116426058637927,True,"""Any process involved in the maintenance of an internal steady state of ions at the level of a cell."" [GOC:mah]",693,60,12,18123,0.2,0.017316017316017316,query_1,"['GO:0050801', 'GO:0055082']"
GO:CC,GO:0031225,anchored component of membrane,0.0053626534823691474,True,"""The component of a membrane consisting of the gene products that are tethered to the membrane only by a covalently attached anchor, such as a lipid group that is embedded in the membrane. Gene products with peptide sequences that are embedded in the membrane are excluded from this grouping."" [GOC:dos, GOC:mah]",172,62,6,18964,0.0967741935483871,0.03488372093023256,query_1,['GO:0031224']
GO:BP,GO:0010038,response to metal ion,0.006862055357903508,True,"""Any process that results in a change in state or activity of a cell or an organism (in terms of movement, secretion, enzyme production, gene expression, etc.) as a result of a metal ion stimulus."" [GOC:sm]",377,60,9,18123,0.15,0.023872679045092837,query_1,['GO:0010035']
GO:BP,GO:0098771,inorganic ion homeostasis,0.011503767052881706,True,"""Any process involved in the maintenance of an internal steady state of inorganic ions within an organism or cell."" [GOC:dos]",766,60,12,18123,0.2,0.015665796344647518,query_1,['GO:0050801']
TF,TF:M08890,Factor: MYB; motif: NNAACTGN,0.013422117075963372,True,Factor: MYB; motif: NNAACTGN,1364,65,16,19917,0.24615384615384617,0.011730205278592375,query_1,['TF:M00000']
TF,TF:M09862_1,Factor: ZNF614; motif: NCYCWGCCYYNNN; match class: 1,0.01370685984536635,True,Factor: ZNF614; motif: NCYCWGCCYYNNN; match class: 1,4212,65,30,19917,0.46153846153846156,0.007122507122507123,query_1,['TF:M09862']
HPA,HPA:0090972,cerebellum; granular cells - cytoplasm/membrane[≥Medium],0.015017450246742125,True,cerebellum; granular cells - cytoplasm/membrane[≥Medium],231,36,6,10877,0.16666666666666666,0.025974025974025976,query_1,['HPA:0090971']
GO:BP,GO:0090675,intermicrovillar adhesion,0.01924770786615613,True,"""The biological adhesion process by which adjacent microvilli attach to each other through Ca(2+)-dependent adhesion links made of protocadherin-24 and mucin-like protocadherin."" [GOC:lb, PMID:24725409]",2,60,2,18123,0.03333333333333333,1.0,query_1,"['GO:0022610', 'GO:1904970']"
GO:MF,GO:0046914,transition metal ion binding,0.020458964307567756,True,"""Interacting selectively and non-covalently with a transition metal ions; a transition metal is an element whose atom has an incomplete d-subshell of extranuclear electrons, or which gives rise to a cation or cations with an incomplete d-subshell. Transition metals often have more than one valency state. Biologically relevant transition metals include vanadium, manganese, iron, copper, cobalt, nickel, molybdenum and silver."" [ISBN:0198506732]",1112,60,13,18679,0.21666666666666667,0.011690647482014389,query_1,['GO:0046872']
GO:BP,GO:0050801,ion homeostasis,0.021250447029478647,True,"""Any process involved in the maintenance of an internal steady state of ions within an organism or cell."" [GOC:ai]",814,60,12,18123,0.2,0.014742014742014743,query_1,['GO:0048878']
GO:BP,GO:0030003,cellular cation homeostasis,0.021313186491929287,True,"""Any process involved in the maintenance of an internal steady state of cations at the level of a cell."" [GOC:ceb, GOC:mah]",678,60,11,18123,0.18333333333333332,0.016224188790560472,query_1,"['GO:0006873', 'GO:0055080']"
GO:MF,GO:0008270,zinc ion binding,0.02974131393506396,True,"""Interacting selectively and non-covalently with zinc (Zn) ions."" [GOC:ai]",833,60,11,18679,0.18333333333333332,0.013205282112845138,query_1,['GO:0046914']
GO:BP,GO:0055082,cellular chemical homeostasis,0.03429787133850914,True,"""Any biological process involved in the maintenance of an internal steady state of a chemical at the level of the cell."" [GOC:isa_complete, GOC:jid]",854,60,12,18123,0.2,0.01405152224824356,query_1,"['GO:0019725', 'GO:0048878']"
GO:BP,GO:0009636,response to toxic substance,0.03580786540198362,True,"""Any process that results in a change in state or activity of a cell or an organism (in terms of movement, secretion, enzyme production, gene expression, etc.) as a result of a toxic stimulus."" [GOC:lr]",254,60,7,18123,0.11666666666666667,0.027559055118110236,query_1,['GO:0042221']
GO:BP,GO:0006875,cellular metal ion homeostasis,0.043171038608310265,True,"""Any process involved in the maintenance of an internal steady state of metal ions at the level of a cell."" [GOC:ai, GOC:mah]",598,60,10,18123,0.16666666666666666,0.016722408026755852,query_1,"['GO:0030003', 'GO:0055065']"
GO:CC,GO:0016324,apical plasma membrane,0.046836400649882835,True,"""The region of the plasma membrane located at the apical end of the cell."" [GOC:curators]",364,62,7,18964,0.11290322580645161,0.019230769230769232,query_1,"['GO:0045177', 'GO:0098590']"
